{
    "name": "Gox",
    "scopeName": "source.gox",

    "patterns": [
        {
            "match": "\\b(const|var|print|return|break|continue|if|else|while|func|import|true|false)\\b",
            "name": "keyword.control"
        },
        {
            "begin": "/\\*",
            "end": "\\*/",
            "name": "comment.block"
        },
        {
            "match": "//.*",
            "name": "comment.line"
        },
        {
            "match": "[a-zA-Z_][a-zA-Z0-9_]*",
            "name": "variable"
        },
        {
            "match": "\\d+\\.\\d+",
            "name": "constant.numeric.float"
        },
        {
            "match": "\\d+",
            "name": "constant.numeric.integer"
        },
        {
            "match": "'[^']'",
            "name": "constant.character"
        },
        {
            "match": "\"(\\\\.|[^\"])*\"",
            "name": "string.quoted.double"
        },
        {
            "match": "<=|>=|[+\\-*/^<>]",
            "name": "keyword.operator"
        },
        {
            "match": "==|!=|&&|\\|\\|",
            "name": "keyword.operator.logical"
        }
    ]
}


